{
  "generation": 1,
  "timestamp": "2025-08-21T12:11:08.814387",
  "accuracy": 0.817839757950559,
  "loss_history": [
    1.0367871961435793,
    0.8904820622544707,
    0.8327205704130962,
    0.7524192589880002,
    0.6540304375047893,
    0.5599449429034805,
    0.5172970623102157,
    0.4526125719479508,
    0.4399667772847267,
    0.4231085761285469,
    0.361923286455128,
    0.3241639816659836,
    0.31577692005026603,
    0.2763592398532753,
    0.25260358541439853,
    0.22604694660040553,
    0.17182098121478273,
    0.19715263245842102,
    0.16373675784364514,
    0.10353081819120374
  ],
  "gradient_variance": 0.0679736160203539,
  "circuit_depth": 4,
  "execution_time": 2.5990183064589756,
  "total_execution_time": 2.5064494609832764,
  "quantum_advantage_detected": false,
  "quality_gates_passed": true
}