{
  "generation1_simple": {
    "status": "SUCCESS",
    "quantum_circuits_created": 3,
    "models_trained": 3,
    "model_results": [
      {
        "final_loss": 0.34021768176521794,
        "final_accuracy": 0.9000838654267008,
        "training_history": {
          "losses": [
            2.417098747864413,
            2.248625374279499,
            2.1139257293532725,
            1.833816261624319,
            1.7191662145813098,
            1.4706599875958781,
            1.4546900708436912,
            1.290620536594052,
            1.1795797500844034,
            1.0440500631450425,
            0.9591193710487274,
            0.7786209278378693,
            0.7409186351162226,
            0.6564556806176542,
            0.6609401014530903,
            0.5192781021256856,
            0.5843737276727003,
            0.39450845552312563,
            0.442185892885869,
            0.34021768176521794
          ],
          "accuracies": [
            0.5309372367700621,
            0.5181725245223324,
            0.583681581203755,
            0.6436638429547418,
            0.6378165520646626,
            0.6603865467402225,
            0.7171299875857176,
            0.699650241400135,
            0.7297701086139319,
            0.7559705490120847,
            0.770834407324706,
            0.7965249376929056,
            0.8088146660758171,
            0.8076418686940815,
            0.85203984122782,
            0.8326544334545608,
            0.831900387517738,
            0.886658454707994,
            0.8570005435663036,
            0.9000838654267008
          ]
        },
        "epochs_trained": 20,
        "convergence_achieved": true,
        "circuit_config": {
          "n_qubits": 4,
          "depth": 7,
          "gates": [
            "RX",
            "RY",
            "CNOT",
            "RX",
            "RY",
            "CNOT",
            "RX",
            "RY",
            "CNOT",
            "RX",
            "RY",
            "CNOT"
          ],
          "parameters": [
            -0.23277193308152277,
            1.0414815342428634,
            -1.8434094641831857,
            0.5742573124365951,
            1.3535572855169304,
            -2.8627377495993844,
            2.6443328170284515,
            2.0497385028616577
          ],
          "created_at": "2025-08-27T14:04:21.107365"
        }
      },
      {
        "final_loss": 0.44164581332774766,
        "final_accuracy": 0.9108494622717296,
        "training_history": {
          "losses": [
            2.524290010480282,
            2.302166243819234,
            2.04135191606395,
            1.9944013881187366,
            1.6322162412753674,
            1.4753245214109696,
            1.394140631377648,
            1.1839941694516873,
            1.113048849876639,
            1.0122528273813356,
            0.8821693602037707,
            0.8585274449348819,
            0.6545489373318527,
            0.7256506877744388,
            0.6509569732885311,
            0.5778143529919835,
            0.4382016115379165,
            0.41965474296822575,
            0.4495834421089236,
            0.44164581332774766
          ],
          "accuracies": [
            0.473594066224838,
            0.5249723736452709,
            0.5933792680870538,
            0.5913179206749979,
            0.6578032693187532,
            0.6871483214554615,
            0.6814943607154804,
            0.7544463990897908,
            0.7610916887320717,
            0.7775391018647086,
            0.8138939276868004,
            0.7943135310844722,
            0.8157616308547637,
            0.8410081820021084,
            0.8073717040389161,
            0.8668863325616998,
            0.8754289263898641,
            0.8605589651119472,
            0.909068604177113,
            0.9108494622717296
          ]
        },
        "epochs_trained": 20,
        "convergence_achieved": true,
        "circuit_config": {
          "n_qubits": 6,
          "depth": 3,
          "gates": [
            "RX",
            "RY",
            "CNOT",
            "RX",
            "RY",
            "CNOT",
            "RX",
            "RY",
            "CNOT",
            "RX",
            "RY",
            "CNOT",
            "RX",
            "RY",
            "CNOT",
            "RX",
            "RY",
            "CNOT"
          ],
          "parameters": [
            -0.35425779454740614,
            -0.905481877856654,
            -1.9968709871416697,
            2.3516335563070117,
            -2.296637509089725,
            0.3517945547907235,
            -1.9670669270127212,
            -2.270207084978332,
            -3.044169656702793,
            -1.2564216212703385,
            2.2563157250812873,
            -2.959567774779132
          ],
          "created_at": "2025-08-27T14:04:21.107379"
        }
      },
      {
        "final_loss": 0.35844892998113786,
        "final_accuracy": 0.8597016360055572,
        "training_history": {
          "losses": [
            2.4469339786387723,
            2.1581959409839087,
            2.0733701199305763,
            1.8399925130544896,
            1.7209671564789215,
            1.5500007923959451,
            1.356394276305396,
            1.2637270487403884,
            1.0985528510094147,
            1.0068544312694285,
            0.9390731352132325,
            0.8090412667504904,
            0.758025663278244,
            0.6655644486984766,
            0.56544622415676,
            0.5811086091703672,
            0.5044480712912142,
            0.4192179377409462,
            0.448257554054487,
            0.35844892998113786
          ],
          "accuracies": [
            0.49786103984005015,
            0.5828491006983659,
            0.5535438869382275,
            0.6214741190637547,
            0.6471355179666006,
            0.6962507188432325,
            0.6785510081263851,
            0.7072599247584155,
            0.7417526157094185,
            0.7715867113133906,
            0.7775639841412919,
            0.8373010024365736,
            0.7767719249411581,
            0.8232421718464882,
            0.8472618496323551,
            0.8534778050703287,
            0.8667738963858438,
            0.8732058173857533,
            0.868466188232823,
            0.8597016360055572
          ]
        },
        "epochs_trained": 20,
        "convergence_achieved": true,
        "circuit_config": {
          "n_qubits": 8,
          "depth": 3,
          "gates": [
            "RX",
            "RY",
            "CNOT",
            "RX",
            "RY",
            "CNOT",
            "RX",
            "RY",
            "CNOT",
            "RX",
            "RY",
            "CNOT",
            "RX",
            "RY",
            "CNOT",
            "RX",
            "RY",
            "CNOT",
            "RX",
            "RY",
            "CNOT",
            "RX",
            "RY",
            "CNOT"
          ],
          "parameters": [
            1.717464337022121,
            -0.6943616937078048,
            2.532167072549731,
            -1.6430706833717084,
            -2.073694435243834,
            -0.24851495295746018,
            -2.4950139115444525,
            1.685553257919766,
            -2.5607470230156815,
            -2.638990081977307,
            0.5079980364072738,
            0.54732914853974,
            2.299411295568513,
            -2.7087821296746846,
            -1.153829617913798,
            -1.4743578946471516
          ],
          "created_at": "2025-08-27T14:04:21.107387"
        }
      }
    ],
    "quantum_advantage_detected": true,
    "best_accuracy": 0.9108494622717296,
    "classical_baseline": 0.75,
    "execution_time_seconds": 0.0004410743713378906,
    "key_features": [
      "Basic quantum circuit creation",
      "Multi-qubit model training",
      "Convergence monitoring",
      "Quantum advantage detection"
    ]
  },