{
  "generation1_simple": {
    "status": "SUCCESS",
    "quantum_circuits_created": 3,
    "models_trained": 3,
    "model_results": [
      {
        "final_loss": 0.40185496758029476,
        "final_accuracy": 0.9057297073666716,
        "training_history": {
          "losses": [
            2.511561756651604,
            2.269089467449518,
            2.019991593192277,
            1.831020192033441,
            1.688318189130681,
            1.5589830872548738,
            1.347004290085447,
            1.207318703916588,
            1.1429267830779894,
            1.0156445587663707,
            0.938689693735843,
            0.7424693852175404,
            0.7464896685447293,
            0.7087502503499639,
            0.6554855474917087,
            0.5576117003964604,
            0.5023502671889762,
            0.37906271917752843,
            0.39604691050718505,
            0.40185496758029476
          ],
          "accuracies": [
            0.5030473013707345,
            0.5422440492708965,
            0.5707756484787672,
            0.609623009421806,
            0.6283272958264656,
            0.6625950513854412,
            0.7238874698793504,
            0.7047647236388167,
            0.7454045553042857,
            0.731893612712428,
            0.7631639616163752,
            0.8578085847858457,
            0.7934132564818699,
            0.7822389990990074,
            0.8435985416886942,
            0.8272615443560791,
            0.8668564244489574,
            0.8889007891025658,
            0.8762042147808111,
            0.9057297073666716
          ]
        },
        "epochs_trained": 20,
        "convergence_achieved": true,
        "circuit_config": {
          "n_qubits": 4,
          "depth": 6,
          "gates": [
            "RX",
            "RY",
            "CNOT",
            "RX",
            "RY",
            "CNOT",
            "RX",
            "RY",
            "CNOT",
            "RX",
            "RY",
            "CNOT"
          ],
          "parameters": [
            -0.9164061131447054,
            2.8893268741060965,
            -1.7549540052187451,
            -1.8964580191168006,
            -2.390044626517741,
            -2.3522261000508378,
            -1.7731179098994196,
            -2.9595810715438686
          ],
          "created_at": "2025-08-27T14:03:58.509182"
        }
      },
      {
        "final_loss": 0.3910114931157548,
        "final_accuracy": 0.8630143201567212,
        "training_history": {
          "losses": [
            2.3826729286766977,
            2.268095957422481,
            2.150425605117346,
            1.8362551553232411,
            1.623343604785767,
            1.472235314992051,
            1.3236670002948805,
            1.2288844525620364,
            1.2070097664455133,
            0.9793999639999551,
            0.921604112835396,
            0.7421597294800668,
            0.7413857933379538,
            0.664881902015797,
            0.6229731399670714,
            0.5657659135508744,
            0.40646842915458314,
            0.4785068225382258,
            0.34684247889406183,
            0.3910114931157548
          ],
          "accuracies": [
            0.5368251492171516,
            0.5203649741174236,
            0.5625390631193271,
            0.6149418879461532,
            0.6550125563827375,
            0.6904083308782281,
            0.7087097859964568,
            0.7183175957727216,
            0.723721247169327,
            0.7536799783155373,
            0.7934662394672963,
            0.7810535399670764,
            0.8311121719146614,
            0.8278314654688883,
            0.8557149743010795,
            0.7986758945881806,
            0.8930161012679745,
            0.8575103455423594,
            0.8991661471513989,
            0.8630143201567212
          ]
        },
        "epochs_trained": 20,
        "convergence_achieved": true,
        "circuit_config": {
          "n_qubits": 6,
          "depth": 6,
          "gates": [
            "RX",
            "RY",
            "CNOT",
            "RX",
            "RY",
            "CNOT",
            "RX",
            "RY",
            "CNOT",
            "RX",
            "RY",
            "CNOT",
            "RX",
            "RY",
            "CNOT",
            "RX",
            "RY",
            "CNOT"
          ],
          "parameters": [
            0.8413794318666143,
            2.767039781772046,
            -2.6948270393407006,
            -0.7652616666649652,
            1.2043023378812672,
            -2.8166303339465935,
            -1.0613952761376466,
            1.5751327144286087,
            -0.020583628832834933,
            2.4906884503313993,
            0.5679907422306569,
            -0.22042389666588225
          ],
          "created_at": "2025-08-27T14:03:58.509196"
        }
      },
      {
        "final_loss": 0.3739084243728934,
        "final_accuracy": 0.8860237420202018,
        "training_history": {
          "losses": [
            2.4701601782043827,
            2.2731236519212352,
            2.0263645220614808,
            1.7810314803475433,
            1.7460618669572976,
            1.4943288614159524,
            1.4168579089260025,
            1.329012872294333,
            1.1543968471831345,
            1.0816026375307657,
            0.9067295131574301,
            0.8305078000521623,
            0.8404467051605531,
            0.7871127020730889,
            0.6692030212658455,
            0.6923927360875015,
            0.47315144316028046,
            0.40299111995468995,
            0.3726444796306432,
            0.3739084243728934
          ],
          "accuracies": [
            0.5629910546769534,
            0.5486983030462265,
            0.5852094628153203,
            0.6001608487525746,
            0.67400637264379,
            0.6691341976044181,
            0.7102993049421586,
            0.6893286840231851,
            0.7405269781450611,
            0.7643737580319254,
            0.7996196908104031,
            0.7927641246473145,
            0.822656026644498,
            0.805601770832668,
            0.8266988427920782,
            0.834154662350917,
            0.8464081786692498,
            0.9072906306174661,
            0.8905578499298445,
            0.8860237420202018
          ]
        },
        "epochs_trained": 20,
        "convergence_achieved": true,
        "circuit_config": {
          "n_qubits": 8,
          "depth": 8,
          "gates": [
            "RX",
            "RY",
            "CNOT",
            "RX",
            "RY",
            "CNOT",
            "RX",
            "RY",
            "CNOT",
            "RX",
            "RY",
            "CNOT",
            "RX",
            "RY",
            "CNOT",
            "RX",
            "RY",
            "CNOT",
            "RX",
            "RY",
            "CNOT",
            "RX",
            "RY",
            "CNOT"
          ],
          "parameters": [
            -0.5590887167848728,
            2.751144898986884,
            -2.5708321267556338,
            -1.7244866099380352,
            3.008986065680027,
            2.0589934164197565,
            2.8916706192299584,
            2.6566477960171397,
            2.894042789844706,
            -0.94297765995125,
            -1.5664328591625147,
            -0.37699369906309066,
            1.4083002234309054,
            2.0497176864296316,
            -1.1343912259005546,
            -1.5164076192285476
          ],
          "created_at": "2025-08-27T14:03:58.509245"
        }
      }
    ],
    "quantum_advantage_detected": true,
    "best_accuracy": 0.9057297073666716,
    "classical_baseline": 0.75,
    "execution_time_seconds": 0.0004341602325439453,
    "key_features": [
      "Basic quantum circuit creation",
      "Multi-qubit model training",
      "Convergence monitoring",
      "Quantum advantage detection"
    ]
  },