{
  "generation1_simple": {
    "status": "SUCCESS",
    "quantum_circuits_created": 3,
    "models_trained": 3,
    "model_results": [
      {
        "final_loss": 0.310504803370036,
        "final_accuracy": 0.8792260308490384,
        "training_history": {
          "losses": [
            2.5263300911318916,
            2.3437729607458317,
            2.09461844190082,
            1.8027933779740501,
            1.7497884575249065,
            1.4582324798521649,
            1.409866282427777,
            1.147950530465314,
            1.1440853776259705,
            1.0294420830786175,
            1.0202854518155797,
            0.8313568456788519,
            0.7594170080319143,
            0.7119440302485363,
            0.6741068553641778,
            0.5793488631618211,
            0.4729807287094529,
            0.3774253592708824,
            0.4579370821725218,
            0.310504803370036
          ],
          "accuracies": [
            0.4735389482637945,
            0.5243443257795868,
            0.587176898159324,
            0.6758695531730179,
            0.6138783873713793,
            0.6733598202443705,
            0.7126130885108091,
            0.7701906894586779,
            0.7474812052748117,
            0.7511165954166372,
            0.7754446394006295,
            0.8111119478795743,
            0.782378710601697,
            0.825303964394454,
            0.8115455173664837,
            0.8554292174684871,
            0.8718452370893974,
            0.8770782037992289,
            0.9061196389332818,
            0.8792260308490384
          ]
        },
        "epochs_trained": 20,
        "convergence_achieved": true,
        "circuit_config": {
          "n_qubits": 4,
          "depth": 6,
          "gates": [
            "RX",
            "RY",
            "CNOT",
            "RX",
            "RY",
            "CNOT",
            "RX",
            "RY",
            "CNOT",
            "RX",
            "RY",
            "CNOT"
          ],
          "parameters": [
            1.9623092011204823,
            -2.660557103456794,
            2.9697337808124873,
            1.8873428235920295,
            1.919359970377104,
            2.376407939551042,
            0.7520570891224843,
            -2.862184651613876
          ],
          "created_at": "2025-08-27T14:03:43.418135"
        }
      },
      {
        "final_loss": 0.30061270812314883,
        "final_accuracy": 0.8836015328216795,
        "training_history": {
          "losses": [
            2.5350837903122794,
            2.2738846063038323,
            2.052969750378795,
            1.8288542857287122,
            1.6287339617511167,
            1.4695528415642376,
            1.4735562463460499,
            1.2037800917610009,
            1.093297008423579,
            0.9706624777804356,
            0.8116635408425911,
            0.7094783764536565,
            0.7218499708081101,
            0.646422840359857,
            0.6422542941839126,
            0.4817537812455348,
            0.48048321460488375,
            0.41865097970259096,
            0.38267300345610883,
            0.30061270812314883
          ],
          "accuracies": [
            0.4941168604006145,
            0.5111015560848476,
            0.5778806613079905,
            0.5879529453278516,
            0.6643135093256909,
            0.6951488382991715,
            0.6742002324221672,
            0.7757546836357281,
            0.754551275509698,
            0.779234637574803,
            0.8137380656194088,
            0.811353084988289,
            0.8171279415571387,
            0.805591595639239,
            0.8551594263088628,
            0.8896281006052695,
            0.8519424918863862,
            0.8779615562482957,
            0.933289540481774,
            0.8836015328216795
          ]
        },
        "epochs_trained": 20,
        "convergence_achieved": true,
        "circuit_config": {
          "n_qubits": 6,
          "depth": 6,
          "gates": [
            "RX",
            "RY",
            "CNOT",
            "RX",
            "RY",
            "CNOT",
            "RX",
            "RY",
            "CNOT",
            "RX",
            "RY",
            "CNOT",
            "RX",
            "RY",
            "CNOT",
            "RX",
            "RY",
            "CNOT"
          ],
          "parameters": [
            1.7900918802803254,
            2.0834857385223966,
            2.455293037577949,
            -3.1235596846561258,
            -2.686609085604435,
            -0.10973552349483251,
            1.842101752358376,
            2.741652916780895,
            2.998546169020006,
            -1.180123223135429,
            -2.7276833227663575,
            2.328851743984286
          ],
          "created_at": "2025-08-27T14:03:43.418156"
        }
      },
      {
        "final_loss": 0.4476854832834337,
        "final_accuracy": 0.8842047266614711,
        "training_history": {
          "losses": [
            2.489784478988457,
            2.3136055251664382,
            1.9782734044228045,
            1.796074974160253,
            1.6122605148738134,
            1.5795445598940976,
            1.399707658712841,
            1.2633151137472693,
            1.1832305464151485,
            0.9807396333118447,
            0.9236123883210549,
            0.7091948001743178,
            0.6950974614420486,
            0.7101403095980056,
            0.6174589914580068,
            0.5833500899753964,
            0.4635516821727603,
            0.49715436130989377,
            0.4073749836725336,
            0.4476854832834337
          ],
          "accuracies": [
            0.5146065714476711,
            0.5379746296654421,
            0.5927006732794937,
            0.6226835833046065,
            0.6735459895630199,
            0.6650126807239517,
            0.6974228299851801,
            0.7332289395706081,
            0.7374641172588531,
            0.755706198693378,
            0.7832554401356286,
            0.7983024774291712,
            0.8411143248131446,
            0.8204189024662348,
            0.859320517087734,
            0.8297052604814025,
            0.892787375306628,
            0.8643273961006464,
            0.8725066150056237,
            0.8842047266614711
          ]
        },
        "epochs_trained": 20,
        "convergence_achieved": true,
        "circuit_config": {
          "n_qubits": 8,
          "depth": 8,
          "gates": [
            "RX",
            "RY",
            "CNOT",
            "RX",
            "RY",
            "CNOT",
            "RX",
            "RY",
            "CNOT",
            "RX",
            "RY",
            "CNOT",
            "RX",
            "RY",
            "CNOT",
            "RX",
            "RY",
            "CNOT",
            "RX",
            "RY",
            "CNOT",
            "RX",
            "RY",
            "CNOT"
          ],
          "parameters": [
            0.6710356711479628,
            1.3690923207930084,
            -1.2792449459430228,
            2.070390882467988,
            2.544507735766879,
            1.031436151987835,
            0.4168878942298151,
            1.1285563203437263,
            2.743774835741479,
            2.4617331854502993,
            1.2086727775070383,
            -0.7856428625940324,
            -1.6331554899298248,
            -0.25343576409322166,
            0.17077622505132428,
            2.6382863682262325
          ],
          "created_at": "2025-08-27T14:03:43.418170"
        }
      }
    ],
    "quantum_advantage_detected": true,
    "best_accuracy": 0.8842047266614711,
    "classical_baseline": 0.75,
    "execution_time_seconds": 0.0004706382751464844,
    "key_features": [
      "Basic quantum circuit creation",
      "Multi-qubit model training",
      "Convergence monitoring",
      "Quantum advantage detection"
    ]
  },
  "generation2_robust": {
    "status": "SUCCESS",