{
  "study_id": "comparative_study_1755984136",
  "timestamp": "2025-08-23T21:22:17.079112",
  "benchmark_domain": "Multi-Domain Quantum Advantage",
  "algorithms_tested": [
    "Variational Quantum Eigensolver",
    "Quantum Approximate Optimization Algorithm",
    "Quantum Machine Learning",
    "Grover's Search Algorithm"
  ],
  "performance_metrics": [
    {
      "algorithm_type": "Variational Quantum Eigensolver",
      "problem_size": 4,
      "quantum_time": 0.6000000000000001,
      "classical_time": 0.016,
      "quantum_accuracy": 0.6984146757952127,
      "classical_accuracy": 0.7396918405948918,
      "quantum_memory": 8.0,
      "classical_memory": 16.0,
      "quantum_energy": 30.000000000000004,
      "classical_energy": 1.6,
      "speedup_ratio": 0.026666666666666665,
      "accuracy_ratio": 0.9441968093544437,
      "efficiency_score": 0.39901205707511084,
      "quantum_advantage_score": 0.7980241141502217
    },
    {
      "algorithm_type": "Quantum Approximate Optimization Algorithm",
      "problem_size": 4,
      "quantum_time": 0.38,
      "classical_time": 0.055451774444795626,
      "quantum_accuracy": 0.7756959649864582,
      "classical_accuracy": 0.796404140740663,
      "quantum_memory": 3.0,
      "classical_memory": 8.0,
      "quantum_energy": 17.1,
      "classical_energy": 4.4361419555836505,
      "speedup_ratio": 0.14592572222314637,
      "accuracy_ratio": 0.9739979054667571,
      "efficiency_score": 0.49985415231085795,
      "quantum_advantage_score": 0.8997374741595443
    },
    {
      "algorithm_type": "Variational Quantum Eigensolver",
      "problem_size": 8,
      "quantum_time": 1.05,
      "classical_time": 0.064,
      "quantum_accuracy": 0.600436726114533,
      "classical_accuracy": 0.7465180370585792,
      "quantum_memory": 10.0,
      "classical_memory": 32.0,
      "quantum_energy": 52.5,
      "classical_energy": 6.4,
      "speedup_ratio": 0.06095238095238095,
      "accuracy_ratio": 0.8043164348451192,
      "efficiency_score": 0.3704884786999525,
      "quantum_advantage_score": 0.740976957399905
    },
    {
      "algorithm_type": "Quantum Approximate Optimization Algorithm",
      "problem_size": 8,
      "quantum_time": 0.7,
      "classical_time": 0.16635532333438685,
      "quantum_accuracy": 0.7749750790957517,
      "classical_accuracy": 0.7701886743672482,
      "quantum_memory": 3.0,
      "classical_memory": 16.0,
      "quantum_energy": 31.499999999999996,
      "classical_energy": 13.308425866750948,
      "speedup_ratio": 0.23765046190626696,
      "accuracy_ratio": 1.0062145872664718,
      "efficiency_score": 0.5820439616802127,
      "quantum_advantage_score": 1.047679131024383
    },
    {
      "algorithm_type": "Variational Quantum Eigensolver",
      "problem_size": 12,
      "quantum_time": 1.4500000000000002,
      "classical_time": 0.14400000000000002,
      "quantum_accuracy": 0.5833839718598175,
      "classical_accuracy": 0.7411223262004641,
      "quantum_memory": 10.0,
      "classical_memory": 48.0,
      "quantum_energy": 72.50000000000001,
      "classical_energy": 14.400000000000002,
      "speedup_ratio": 0.0993103448275862,
      "accuracy_ratio": 0.7871628626419488,
      "efficiency_score": 0.39431342091884847,
      "quantum_advantage_score": 0.7886268418376969
    },
    {
      "algorithm_type": "Quantum Approximate Optimization Algorithm",
      "problem_size": 12,
      "quantum_time": 1.02,
      "classical_time": 0.29818879797456005,
      "quantum_accuracy": 0.7988709462670188,
      "classical_accuracy": 0.7884701136997854,
      "quantum_memory": 3.0,
      "classical_memory": 24.0,
      "quantum_energy": 45.9,
      "classical_energy": 23.855103837964805,
      "speedup_ratio": 0.29234195879858826,
      "accuracy_ratio": 1.0131911563755143,
      "efficiency_score": 0.6261570536424724,
      "quantum_advantage_score": 1.1270826965564504
    },
    {
      "algorithm_type": "Variational Quantum Eigensolver",
      "problem_size": 16,
      "quantum_time": 1.9000000000000001,
      "classical_time": 0.256,
      "quantum_accuracy": 0.5756454602362356,
      "classical_accuracy": 0.7619034249795631,
      "quantum_memory": 12.0,
      "classical_memory": 64.0,
      "quantum_energy": 95.0,
      "classical_energy": 25.6,
      "speedup_ratio": 0.13473684210526315,
      "accuracy_ratio": 0.7555359923098869,
      "efficiency_score": 0.41000387060816534,
      "quantum_advantage_score": 0.8200077412163307
    },
    {
      "algorithm_type": "Quantum Approximate Optimization Algorithm",
      "problem_size": 16,
      "quantum_time": 1.34,
      "classical_time": 0.443614195558365,
      "quantum_accuracy": 0.804736182131722,
      "classical_accuracy": 0.7860800631309347,
      "quantum_memory": 3.0,
      "classical_memory": 32.0,
      "quantum_energy": 60.300000000000004,
      "classical_energy": 35.489135644669204,
      "speedup_ratio": 0.33105536981967537,
      "accuracy_ratio": 1.0237331028680214,
      "efficiency_score": 0.6596239650109633,
      "quantum_advantage_score": 1.187323137019734
    },
    {
      "algorithm_type": "Variational Quantum Eigensolver",
      "problem_size": 20,
      "quantum_time": 2.3,
      "classical_time": 0.4,
      "quantum_accuracy": 0.5721916552526578,
      "classical_accuracy": 0.7461645417017395,
      "quantum_memory": 12.0,
      "classical_memory": 80.0,
      "quantum_energy": 114.99999999999999,
      "classical_energy": 40.0,
      "speedup_ratio": 0.1739130434782609,
      "accuracy_ratio": 0.7668438035767411,
      "efficiency_score": 0.4458679562133052,
      "quantum_advantage_score": 0.8917359124266104
    },
    {
      "algorithm_type": "Quantum Approximate Optimization Algorithm",
      "problem_size": 20,
      "quantum_time": 1.6600000000000001,
      "classical_time": 0.5991464547107982,
      "quantum_accuracy": 0.756698752578467,
      "classical_accuracy": 0.7780746669541664,
      "quantum_memory": 3.0,
      "classical_memory": 40.0,
      "quantum_energy": 74.7,
      "classical_energy": 47.931716376863854,
      "speedup_ratio": 0.36093159922337237,
      "accuracy_ratio": 0.9725271682994422,
      "efficiency_score": 0.6617147422885472,
      "quantum_advantage_score": 1.191086536119385
    },
    {
      "algorithm_type": "Variational Quantum Eigensolver",
      "problem_size": 24,
      "quantum_time": 2.7,
      "classical_time": 0.5760000000000001,
      "quantum_accuracy": 0.5593484401974403,
      "classical_accuracy": 0.7361919569837994,
      "quantum_memory": 12.0,
      "classical_memory": 96.0,
      "quantum_energy": 135.0,
      "classical_energy": 57.60000000000001,
      "speedup_ratio": 0.21333333333333335,
      "accuracy_ratio": 0.759786133074732,
      "efficiency_score": 0.4745811198965595,
      "quantum_advantage_score": 0.949162239793119
    },
    {
      "algorithm_type": "Quantum Approximate Optimization Algorithm",
      "problem_size": 24,
      "quantum_time": 2.01,
      "classical_time": 0.7627329192835068,
      "quantum_accuracy": 0.7270558822716116,
      "classical_accuracy": 0.7629322216250433,
      "quantum_memory": 4.5,
      "classical_memory": 48.0,
      "quantum_energy": 90.44999999999999,
      "classical_energy": 61.01863354268055,
      "speedup_ratio": 0.3794691140713965,
      "accuracy_ratio": 0.9529757187643547,
      "efficiency_score": 0.6679002848041304,
      "quantum_advantage_score": 1.2022205126474348
    },
    {
      "algorithm_type": "Quantum Machine Learning",
      "problem_size": 50,
      "quantum_time": 2.9,
      "classical_time": 3.9120230054281464,
      "quantum_accuracy": 0.7835899201867439,
      "classical_accuracy": 0.8567207593634745,
      "quantum_memory": 15.0,
      "classical_memory": 400.0,
      "quantum_energy": 174.0,
      "classical_energy": 469.44276065137757,
      "speedup_ratio": 1.3489734501476367,
      "accuracy_ratio": 0.9146386516523012,