{
  "generation": 2,
  "experiment_type": "robust_quantum_ml",
  "experiment_metadata": {
    "name": "generation2_robust_demo",
    "timestamp": "2025-08-15T13:32:15.024309+00:00",
    "framework_version": "2.0"
  },
  "model_info": {
    "model_id": "qml_model_1755264732386_a87ff6",
    "n_qubits": 4,
    "n_parameters": 8,
    "circuit_depth": 1
  },
  "training_config": {
    "epochs": 40,
    "learning_rate": 0.03,
    "validation_split": 0.25,
    "early_stopping_patience": 15
  },
  "metrics": {
    "accuracy": 0.5222222222222223,
    "loss": 0.3247820319878404,
    "gradient_variance": 0.00023215970661370555,
    "fidelity": 1.0,
    "training_time": 2.622041940689087,
    "inference_time": 0.0045108795166015625,
    "circuit_depth": 1,
    "n_parameters": 8,
    "convergence_epoch": 11,
    "noise_resilience": null
  },
  "evaluation_metrics": {
    "accuracy": 0.5333333333333333,
    "loss": 0.32359102572339243,
    "gradient_variance": 6.346985814767522e-11,
    "fidelity": 1.0,
    "training_time": 2.622041940689087,
    "inference_time": 0.001417398452758789,
    "circuit_depth": 1,
    "n_parameters": 8,
    "convergence_epoch": 11,
    "noise_resilience": 1.0
  },
  "evaluation_metadata": {
    "evaluation_time": 0.0022194385528564453,
    "test_samples": 30,
    "prediction_metadata": {
      "inference_time": 0.001417398452758789,
      "n_samples": 30,
      "n_errors": 0,
      "error_rate": 0.0,
      "errors": []
    },
    "noise_analysis": {
      "depolarizing": {
        "accuracy": 0.5333333333333333,
        "loss": 0.32781318597650483,
        "noise_level": 0.02,
        "degradation": 0
      },
      "amplitude_damping": {
        "accuracy": 0.5333333333333333,
        "loss": 0.32768913217104584,
        "noise_level": 0.01,
        "degradation": 0
      },
      "bit_flip": {
        "accuracy": 0.5333333333333333,
        "loss": 0.3223145736908202,
        "noise_level": 0.005,
        "degradation": 0
      },
      "thermal": {
        "accuracy": 0.5333333333333333,
        "loss": 0.3227957508598883,
        "noise_level": 0.008,
        "degradation": 0
      }
    },
    "validation_result": {
      "is_valid": true,
      "errors": [],
      "warnings": [],
      "metadata": {
        "n_samples": 30,
        "n_features": 4,
        "n_classes": 2,
        "target_range": [
          0.0,
          1.0
        ],
        "has_missing_values": false
      }
    }
  },
  "health_assessment": {
    "health_score": 0.7,
    "issues": [
      "Low accuracy performance"
    ]
  }
}