{
  "research_id": "gen4_revolutionary_1755983907",
  "timestamp": "2025-08-23T21:18:27.406525",
  "total_breakthroughs": 4,
  "breakthrough_results": [
    {
      "breakthrough_type": "Quantum Supremacy",
      "quantum_accuracy": 0.9289837967964386,
      "classical_accuracy": 0.5378004801531031,
      "advantage_ratio": 1.7273762874513834,
      "statistical_significance": 0.9891168187694706,
      "noise_resilience": 0.8272455626348822,
      "algorithmic_efficiency": 1.0,
      "hardware_efficiency": 0.9,
      "confidence_interval": [
        0.8309837967964386,
        1.0269837967964386
      ],
      "p_value": 0.010883181230529426,
      "effect_size": 1.237030263251793,
      "replication_success": true,
      "peer_review_score": 10.0,
      "publication_readiness": "Physical Review A Ready"
    },
    {
      "breakthrough_type": "Variational Quantum Breakthrough",
      "quantum_accuracy": 0.92,
      "classical_accuracy": 0.5296572946895554,
      "advantage_ratio": 1.7369722067912494,
      "statistical_significance": 0.9678497471299539,
      "noise_resilience": 0.874159585076608,
      "algorithmic_efficiency": 1.0,
      "hardware_efficiency": 0.9,
      "confidence_interval": [
        0.8416,
        0.9984000000000001
      ],
      "p_value": 0.03215025287004611,
      "effect_size": 1.380069869558588,
      "replication_success": 