{
  "research_id": "gen4_revolutionary_1755983919",
  "timestamp": "2025-08-23T21:18:39.381278",
  "total_breakthroughs": 4,
  "breakthrough_results": [
    {
      "breakthrough_type": "Quantum Supremacy",
      "quantum_accuracy": 0.8381097725110016,
      "classical_accuracy": 0.46702206260036655,
      "advantage_ratio": 1.79458282515483,
      "statistical_significance": 0.9230914624502409,
      "noise_resilience": 0.7373455175246407,
      "algorithmic_efficiency": 1.0,
      "hardware_efficiency": 0.9,
      "confidence_interval": [
        0.7401097725110016,
        0.9361097725110016
      ],
      "p_value": 0.07690853754975907,
      "effect_size": 1.1734823750134453,
      "replication_success": false,
      "peer_review_score": 10.0,
      "publication_readiness": "Needs Improvement"
    },
    {
      "breakthrough_type": "Variational Quantum Breakthrough",
      "quantum_accuracy": 0.9026350160171064,
      "classical_accuracy": 0.5212591149781606,
      "advantage_ratio": 1.7316436107883206,
      "statistical_significance": 0.998,
      "noise_resilience": 0.7052861220311543,
      "algorithmic_efficiency": 1.0,
      "hardware_efficiency": 0.9,
      "confidence_interval": [
        0.8242350160171064,
        0.9810350160171064
      ],
      "p_value": 0.002,
      "effect_size": 1.3483674290288412,
      "replication_success": true,
      "peer_review_score": 10.0,
      "publication_readiness": "Physical Review A Ready"
    },
    {
      "breakthrough_type": "Error Mitigation Breakthrough",
      "quantum_accuracy": 0.8399619880395772,
      "classical_accuracy": 0.47979009463598543,
      "advantage_ratio": 1.7506863885484183,
      "statistical_significance": 0.9547608116593229,
      "noise_resilience": 0.8903440793282671,
      "algorithmic_efficiency": 0.9749049700989431,
      "hardware_efficiency": 0.8442534969956812,
      "confidence_interval": [
        0.7811619880395773,
        0.8987619880395772
      ],
      "p_value": 0.045239188340677076,
      "effect_size": 1.7439630277949092,
      "replication_success": false,
      "peer_review_score": 10.0,
      "publication_readiness": "Quantum Science Ready"
    },
    {
      "breakthrough_type": "Hybrid Optimization Breakthrough",
      "quantum_accuracy": 0.7906273781879383,
      "classical_accuracy": 0.5785850151199995,
      "advantage_ratio": 1.3664843670795048,
      "statistical_significance": 0.9905021921707281,
      "noise_resilience": 0.7723459941277515,
      "algorithmic_efficiency": 1.0,
      "hardware_efficiency": 0.8773442088676044,
      "confidence_interval": [
        0.7122273781879382,
        0.8690273781879383
      ],
      "p_value": 0.009497807829271867,
      "effect_size": 0.8656593222840377,
      "replication_success": true,
      "peer_review_score": 8.96593746831802,
      "publication_readiness": "Quantum Science Ready"
    }
  ],
  "statistical_summary": {
    "mean_advantage_ratio": 1.6608492978927685,
    "max_advantage_ratio": 1.79458282515483,
    "min_p_value": 0.002,
    "mean_effect_size": 1.2828680385303084,
    "max_effect_size": 1.7439630277949092,
    "mean_peer_review_score": 9.741484367079504,
    "significant_results": 3,
    "high_impact_results": 4
  },
  "publication_metrics": {
    "publication_tiers": {
      "Needs Improvement": 1,
      "Physical Review A Ready": 1,
      "Quantum Science Ready": 2
    },
    "top_tier_ready": 1,
    "conference_ready": 2,
    "total_publishable": 3,
    "average_peer_review_score": 9.741484367079504
  },
  "reproducibility_score": 0.575,
  "innovation_index": 0.8547021229269132,
  "industry_impact": "Revolutionary - Industry Disruption Expected"
}